up_name,video_name,video_playnum,video_url
ä¸‰æœ¨åˆƒ,ä½¿å‘½ä¸€ç›´åœ¨å¬å”¤ ã€é¬¼ç•œæ–°ä¸–ç•Œ27ã€‘,"
          94.9ä¸‡
        ",http://www.bilibili.com/video/BV1Aa4y1p7Tz
ç½—ç¿”è¯´åˆ‘æ³•,ã€ç½—ç¿”ã€‘ç»†æ€ææçš„ã€Šè¥¿æ¸¸è®°ã€‹ï¼Œä»çœŸå‡ç¾çŒ´ç‹åˆ°å”åƒ§çš„ç¦»å¥‡èº«ä¸–,"
          38.9ä¸‡
        ",http://www.bilibili.com/video/BV1ua411c7L1
é²å¤§èƒ½,C4+æ»‘ç¿”æœº+æ¡¥=ï¼Ÿï¼Ÿ ã€C4å¿«ä¹é˜´äººæµ#11ã€‘,"
          9.6ä¸‡
        ",http://www.bilibili.com/video/BV1Si4y157qV
,ã€åŒ»å­¦åšå£«ã€‘æ™šç¡æ™šèµ·ç®—ä¸ç®—ç†¬å¤œï¼ŸI å¦‚ä½•ç§‘å­¦ç†¬å¤œï¼Ÿ,"
          17.5ä¸‡
        ",http://www.bilibili.com/video/BV1bK4y1L7T2
è´¤å®å®Baby,æˆ‘ç”¨ç‹—å°¾å·´è‰åšäº†ä¸€ç¢—æ‹‰é¢,"
          46.3ä¸‡
        ",http://www.bilibili.com/video/BV1KT4y1u7h9
,è¶…å¤§è¶…æ¼‚äº®çš„ä¸­å›½äº”è§’æµ·æ˜Ÿï¼Œæˆ‘ç™½å«–äº†4ä¸ªï¼Œä½ ä»¬çŒœä¼šç¿»è½¦å—ï¼Ÿ,"
          35.6ä¸‡
        ",http://www.bilibili.com/video/BV1dZ4y1g7Kf
,ã€ç‰‡ç‰‡ã€‘ç©æ¸¸æˆï¼Œè¦äººå‘½ï¼å¹´åº¦æœ€çˆ½æ—¥å‰§ï¼å¿ƒè·³è§£è¯´ã€Šå¼¥ç•™ä¹‹å›½çš„çˆ±ä¸½ä¸ã€‹4-6,"
          33.7ä¸‡
        ",http://www.bilibili.com/video/BV1mi4y157xe
è€é‚ªè¯´ç”µå½±,ã€è€é‚ªåæ§½ã€‘é€†å¤©åæ§½ç–¯ç‹‚å°¬å¤¸çš„ã€Šæœ‰ç¿¡ã€‹ï¼šæ›¿èº«æŠ å›¾äº”æ¯›ç‰¹æ•ˆ,"
          70.2ä¸‡
        ",http://www.bilibili.com/video/BV1tX4y1u7HP
,æˆ‘æƒ³å©šå‰ä¹°ä¸ªæˆ¿ï¼Œç”·æœ‹å‹æ€¥äº†è¦åˆ†æ‰‹ï¼Ÿï¼Ÿè¿™ç”·çš„å¯çœŸé¸¡è´¼ï¼,"
          13.1ä¸‡
        ",http://www.bilibili.com/video/BV17Z4y137Vh
,ã€ç‰¹ æ•ˆ å‘ã€‘ èµŒ æ€ª 4,"
          46.2ä¸‡
        ",http://www.bilibili.com/video/BV1vi4y1c7aS
è¶…çº§å°æ¡€çš„æ—¥å¸¸,ã€è¶…çº§å°æ¡€ã€‘æ¥çœ‹çœ‹å››äººåœ°å›¾çš„è„‘æ·¤è¡€ç‰ˆæœ¬ï¼,"
          8.6ä¸‡
        ",http://www.bilibili.com/video/BV1SK4y1L7up
é†‹é†‹cucu,é˜¿å§¨ç«Ÿå’Œç¾å°‘å¥³äº’æ¢èº«ä½“ï¼ã€é†‹é†‹Ã—èèã€‘,"
          3.7ä¸‡
        ",http://www.bilibili.com/video/BV1at4y1k7Q9
,ã€æ‹™è§01ã€‘å¥¥ç‰¹æ›¼çœŸçš„ä¸å­˜åœ¨å—ï¼Ÿâ€œæˆ‘ç»™ä½ ä¸€æ‹³ï¼â€,"
          32.9ä¸‡
        ",http://www.bilibili.com/video/BV1kv41147Wm
,æ„Ÿè°¢æœ‰ä½ ï¼ŒGimGooné€‰æ‰‹ï¼Œç¥æœªæ¥ä¸€åˆ‡é¡ºåˆ©ï¼,"
          49.2ä¸‡
        ",http://www.bilibili.com/video/BV1nf4y1e7eh
,ä¸€ä½å°å“¥å¼€å¯äº†å’ŒBç«™è§‚ä¼—çš„äº¤æµä¹‹æ—…ï¼Œè¿™æ˜¯ä»–çš„è§‚ä¼—å‘ç”Ÿçš„å˜åŒ–,"
          68.4ä¸‡
        ",http://www.bilibili.com/video/BV12y4y1v7pm
åå†œå…„å¼Ÿ,åå†œå…„å¼Ÿï¼šå«ä¸Šå…„å¼Ÿå§å¦¹ï¼Œè¿˜æœ‰ç‹—å­ä¸€èµ·å»æŒ–ç¬‹ï¼Œæ”¶è·æ»¡æ»¡,"
          65.7ä¸‡
        ",http://www.bilibili.com/video/BV1kZ4y1g74J
ç»¯ç»¯Feifei,60é¦–Vå®¶ç»å…¸é’¢ç´ä¸²çƒ§ ã€2020åˆéŸ³æœªæ¥åº”æ´å­£ã€‘,"
          5.2ä¸‡
        ",http://www.bilibili.com/video/BV1wp4y16724
è·¯æ¸©1900,ã€Šæœ‰ç¿¡ã€‹ä¹Ÿé…å«æ­¦ä¾ å•Šï¼Ÿï¼Ÿç²—åˆ¶æ»¥é€ çš„æµæ°´çº¿åƒåœ¾å¤å¶,"
          262ä¸‡
        ",http://www.bilibili.com/video/BV1kh411Z7BF
ä¸€åªç‹éœ¸å¤©,å½“å£°ä¼˜åœ¨ç½‘å§å‡è£…æ¥ç”µè¯,"
          69.6ä¸‡
        ",http://www.bilibili.com/video/BV1Ty4y1D7MZ
å°æ½®é™¢é•¿,æ‘¸æ‘¸æ‘¸æŒ‘æˆ˜ï¼ˆ2ï¼‰,"
          188.3ä¸‡
        ",http://www.bilibili.com/video/BV1bv41147R8
ä¸‰æœ¨åˆƒ,ä½¿å‘½ä¸€ç›´åœ¨å¬å”¤ ã€é¬¼ç•œæ–°ä¸–ç•Œ27ã€‘,"
          94.9ä¸‡
        ",http://www.bilibili.com/video/BV1Aa4y1p7Tz
ç½—ç¿”è¯´åˆ‘æ³•,ã€ç½—ç¿”ã€‘ç»†æ€ææçš„ã€Šè¥¿æ¸¸è®°ã€‹ï¼Œä»çœŸå‡ç¾çŒ´ç‹åˆ°å”åƒ§çš„ç¦»å¥‡èº«ä¸–,"
          38.9ä¸‡
        ",http://www.bilibili.com/video/BV1ua411c7L1
viviå¯çˆ±å¤š,æˆ‘æƒ³å©šå‰ä¹°ä¸ªæˆ¿ï¼Œç”·æœ‹å‹æ€¥äº†è¦åˆ†æ‰‹ï¼Ÿï¼Ÿè¿™ç”·çš„å¯çœŸé¸¡è´¼ï¼,"
          13.1ä¸‡
        ",http://www.bilibili.com/video/BV17Z4y137Vh
,C4+æ»‘ç¿”æœº+æ¡¥=ï¼Ÿï¼Ÿ ã€C4å¿«ä¹é˜´äººæµ#11ã€‘,"
          9.6ä¸‡
        ",http://www.bilibili.com/video/BV1Si4y157qV
è€é‚ªè¯´ç”µå½±,ã€è€é‚ªåæ§½ã€‘é€†å¤©åæ§½ç–¯ç‹‚å°¬å¤¸çš„ã€Šæœ‰ç¿¡ã€‹ï¼šæ›¿èº«æŠ å›¾äº”æ¯›ç‰¹æ•ˆ,"
          70.2ä¸‡
        ",http://www.bilibili.com/video/BV1tX4y1u7HP
å…”å­å’¯,ã€åŒ»å­¦åšå£«ã€‘æ™šç¡æ™šèµ·ç®—ä¸ç®—ç†¬å¤œï¼ŸI å¦‚ä½•ç§‘å­¦ç†¬å¤œï¼Ÿ,"
          17.5ä¸‡
        ",http://www.bilibili.com/video/BV1bK4y1L7T2
,ã€ç‰‡ç‰‡ã€‘ç©æ¸¸æˆï¼Œè¦äººå‘½ï¼å¹´åº¦æœ€çˆ½æ—¥å‰§ï¼å¿ƒè·³è§£è¯´ã€Šå¼¥ç•™ä¹‹å›½çš„çˆ±ä¸½ä¸ã€‹4-6,"
          33.7ä¸‡
        ",http://www.bilibili.com/video/BV1mi4y157xe
è´¤å®å®Baby,æˆ‘ç”¨ç‹—å°¾å·´è‰åšäº†ä¸€ç¢—æ‹‰é¢,"
          46.3ä¸‡
        ",http://www.bilibili.com/video/BV1KT4y1u7h9
,è¶…å¤§è¶…æ¼‚äº®çš„ä¸­å›½äº”è§’æµ·æ˜Ÿï¼Œæˆ‘ç™½å«–äº†4ä¸ªï¼Œä½ ä»¬çŒœä¼šç¿»è½¦å—ï¼Ÿ,"
          35.6ä¸‡
        ",http://www.bilibili.com/video/BV1dZ4y1g7Kf
æ¨èƒŒå…”ã®,ã€ç‰¹ æ•ˆ å‘ã€‘ èµŒ æ€ª 4,"
          46.2ä¸‡
        ",http://www.bilibili.com/video/BV1vi4y1c7aS
,ã€è¶…çº§å°æ¡€ã€‘æ¥çœ‹çœ‹å››äººåœ°å›¾çš„è„‘æ·¤è¡€ç‰ˆæœ¬ï¼,"
          8.6ä¸‡
        ",http://www.bilibili.com/video/BV1SK4y1L7up
é†‹é†‹cucu,é˜¿å§¨ç«Ÿå’Œç¾å°‘å¥³äº’æ¢èº«ä½“ï¼ã€é†‹é†‹Ã—èèã€‘,"
          3.7ä¸‡
        ",http://www.bilibili.com/video/BV1at4y1k7Q9
,ã€æ‹™è§01ã€‘å¥¥ç‰¹æ›¼çœŸçš„ä¸å­˜åœ¨å—ï¼Ÿâ€œæˆ‘ç»™ä½ ä¸€æ‹³ï¼â€,"
          32.9ä¸‡
        ",http://www.bilibili.com/video/BV1kv41147Wm
FPXç”µå­ç«æŠ€ä¿±ä¹éƒ¨,æ„Ÿè°¢æœ‰ä½ ï¼ŒGimGooné€‰æ‰‹ï¼Œç¥æœªæ¥ä¸€åˆ‡é¡ºåˆ©ï¼,"
          49.2ä¸‡
        ",http://www.bilibili.com/video/BV1nf4y1e7eh
,ä¸€ä½å°å“¥å¼€å¯äº†å’ŒBç«™è§‚ä¼—çš„äº¤æµä¹‹æ—…ï¼Œè¿™æ˜¯ä»–çš„è§‚ä¼—å‘ç”Ÿçš„å˜åŒ–,"
          68.4ä¸‡
        ",http://www.bilibili.com/video/BV12y4y1v7pm
åå†œå…„å¼Ÿ,åå†œå…„å¼Ÿï¼šå«ä¸Šå…„å¼Ÿå§å¦¹ï¼Œè¿˜æœ‰ç‹—å­ä¸€èµ·å»æŒ–ç¬‹ï¼Œæ”¶è·æ»¡æ»¡,"
          65.7ä¸‡
        ",http://www.bilibili.com/video/BV1kZ4y1g74J
,60é¦–Vå®¶ç»å…¸é’¢ç´ä¸²çƒ§ ã€2020åˆéŸ³æœªæ¥åº”æ´å­£ã€‘,"
          5.2ä¸‡
        ",http://www.bilibili.com/video/BV1wp4y16724
è·¯æ¸©1900,ã€Šæœ‰ç¿¡ã€‹ä¹Ÿé…å«æ­¦ä¾ å•Šï¼Ÿï¼Ÿç²—åˆ¶æ»¥é€ çš„æµæ°´çº¿åƒåœ¾å¤å¶,"
          262ä¸‡
        ",http://www.bilibili.com/video/BV1kh411Z7BF
ä¸€åªç‹éœ¸å¤©,å½“å£°ä¼˜åœ¨ç½‘å§å‡è£…æ¥ç”µè¯,"
          69.7ä¸‡
        ",http://www.bilibili.com/video/BV1Ty4y1D7MZ
å°æ½®é™¢é•¿,æ‘¸æ‘¸æ‘¸æŒ‘æˆ˜ï¼ˆ2ï¼‰,"
          188.3ä¸‡
        ",http://www.bilibili.com/video/BV1bv41147R8
ç½‘æ˜“æ¢¦å¹»è¥¿æ¸¸æ‰‹æ¸¸,ç¾å£°Rapç‰ˆã€Šäº‘å®«è¿…éŸ³ã€‹ï¼Œæ¨æ´ªåŸºè¯´å”±èŠ±æœå±±ä¼ å¥‡,"
          9.4ä¸‡
        ",http://www.bilibili.com/video/BV13y4y1i7r4
,è‹±å›½â€œè¢«å°é”â€ï¼Œç¾¤ä½“å…ç–«â€œå…»è›Šâ€ï¼Œè‹±å›½åº”å‘ä¸–ç•Œé“æ­‰ï¼,"
          23.2ä¸‡
        ",http://www.bilibili.com/video/BV1Si4y157j3
å¥³ç‹æ³¡é¢,è´¾å®ç‰ä¸ºä»€ä¹ˆè¢«ä½œè€…é’Ÿçˆ±ï¼Ÿè´¾å®ç‰ä¸æ˜¯æ›¹é›ªèŠ¹ æ˜¯ç‰çºï¼Ÿçº¢æ¥¼æ¢¦åˆ°åº•è®²äº†ä»€ä¹ˆæ•…äº‹ï¼Ÿ,"
          11.9ä¸‡
        ",http://www.bilibili.com/video/BV1Nh411f7VK
,è¿™æ˜¯å²ä¸Šæœ€æ„Ÿäººçš„æ¸¸æˆä¹‹ä¸€ï¼Œç©åˆ°ç»“å±€çš„äººéƒ½å·²æ³ªå´©ï¼,"
          14.4ä¸‡
        ",http://www.bilibili.com/video/BV1mi4y157Cp
,ã€æ‰‹ä¹¦ã€‘æŸ¯ æœ¯ å› æˆ˜ ï¼ˆå®Œæ•´ç‰ˆï¼‰ä¸€èµ·æ¥æ‰¾å½©è›‹å§ï¼,"
          23.7ä¸‡
        ",http://www.bilibili.com/video/BV1mK411u7PY
å°å®‡Boi,å½“æµè§ˆå™¨å®‰è£…å®Œæ’ä»¶ä¹‹å....,"
          9ä¸‡
        ",http://www.bilibili.com/video/BV1N54y1t7MK
,å…¨å‘˜è‡­æµæ°“ï¼äººå‡æ€§éªšæ‰°ï¼æ„¤æ€’åæ§½ã€Šå°é£æš´ä¹‹æ—¶é—´çš„ç«ç‘°ã€‹ï¼ˆç¬¬2æœŸï¼‰,"
          14.8ä¸‡
        ",http://www.bilibili.com/video/BV13y4y1i7E4
å¦®å¯è¹¦è¹¦,ä¸€ç‚¹åŒ–å¦†æ€ç»´ä¹ æƒ¯çš„æ”¹å˜ï¼Œå¦†å®¹è´¨æ„Ÿæå‡ç«Ÿå¦‚æ­¤å¤§ | ä»¥å‰VSç°åœ¨ 2.0 ã€å¦®å¯ã€‘,"
          65.5ä¸‡
        ",http://www.bilibili.com/video/BV1Q5411G7Gj
å½±è§†é£“é£,çˆ†è‚30å¤©ï¼Œå½±è§†é£“é£ç»ˆäºæœ‰äº†ä¸€è¾†è½¬æ’­è½¦ï¼,"
          33.4ä¸‡
        ",http://www.bilibili.com/video/BV1Jy4y1i7zw
é˜¿å¹•é™ä¸´,æ— äººçŸ¥æ™“,"
          59.4ä¸‡
        ",http://www.bilibili.com/video/BV1Mf4y1e7Wb
,ã€è™«å“¥ã€‘ä¸€å¯¹è´¼å¤«å¦»çªé‡Œæ–—çš„ç«¥å¹´å–œå‰§ã€Šé¾™å‡¤æ–—ã€‹ï¼Œæœ‰ç‚¹å›½äº§å²å¯†æ–¯å¤«å¦‡çš„æ„Ÿè§‰~,"
          15.6ä¸‡
        ",http://www.bilibili.com/video/BV1wy4y1D7Ap
æ£‰èŠ±å¤§å“¥å“¥,é’Ÿç¦»è¿™æ³¢åŠ å¼ºï¼Œä½ æ»¡æ„å—ï¼Ÿ,"
          5.4ä¸‡
        ",http://www.bilibili.com/video/BV1354y1t7CW
,â€œå¤§å¤«ï¼Œæˆ‘å„¿å­å˜æˆâ€¦â€,"
          48.8ä¸‡
        ",http://www.bilibili.com/video/BV1BV411h7Qs
,ä¿é€è¿‡æ¸…åï¼Œå½“è¿‡å­¦ç”Ÿä¼šä¸»å¸­ï¼Œæˆ‘è¿˜æ˜¯è¢«ç°å®åŠæ‰“ï¼Ÿ,"
          45.6ä¸‡
        ",http://www.bilibili.com/video/BV1MK411G779
,ã€å­¦ç”Ÿä½œä¸šMVã€‘ã€Šä¹¦é™¢æ¥ä¿¡ã€‹,"
          6.7ä¸‡
        ",http://www.bilibili.com/video/BV1tt4y1k7rB
,ã€åŠä½›ã€‘è¯å¯ä»¥ä¹±è¯´ï¼Œé…’ä¸èƒ½ä¹±å–ã€‚å–é…’çš„æ•™è®­ã€‚,"
          73.9ä¸‡
        ",http://www.bilibili.com/video/BV1BV411h7qt
æˆ‘çš„çˆ¸çˆ¸æ˜¯æ¡é¾™å“¦,åªè¦æ•å¤´å«å¾—é«˜ï¼Œä¸æ„æ¢¦æƒ³ä¸å®ç°ï¼ | åŸåˆ›åŠ¨ç”» | æˆ‘çš„çˆ¸çˆ¸æ˜¯æ¡é¾™å“¦,"
          13.4ä¸‡
        ",http://www.bilibili.com/video/BV1FZ4y137no
,"ç»ˆæè€ƒéªŒ,æ‰¾å‡ºæ€æ­»å°‘å¥³çš„å‡¶æ‰‹,ä¹Œæ‰˜é‚¦ç§’å˜åœ°ç‹±,ã€Šå¼¥ç•™ä¹‹å›½çš„çˆ±ä¸½ä¸ã€‹å¤§ç»“å±€è§£è¯´ï¼ˆä¸‹ï¼‰","
          3.5ä¸‡
        ",http://www.bilibili.com/video/BV1Sy4y1v7qu
å®å‰‘å«‚,å’Œæ˜æ˜Ÿä¸€èµ·å‚åŠ é¡¶çº§ç››å…¸ï¼Œç»“æœè¢«ä¿å®‰èµ¶äº†å‡ºæ¥æ˜¯ä»€ä¹ˆä½“éªŒï¼Ÿ,"
          42.5ä¸‡
        ",http://www.bilibili.com/video/BV1Vp4y167kX
,æ–° æ¦‚ å¿µ ä¹± ç¼– ï¼,"
          12.8ä¸‡
        ",http://www.bilibili.com/video/BV1Dy4y1v7XJ
é¹°ç›®å¤§äºº,è°·æ­Œç¿»è¯‘20æ¬¡å®‹æ¿‚ã€Šé€ä¸œé˜³é©¬ç”Ÿåºã€‹ï¼è¿™æ˜¯å¹³è¡Œå®‡å®™ï¼Ÿ,"
          28.9ä¸‡
        ",http://www.bilibili.com/video/BV1Dp4y1q728
ç»ˆæå°è…¾,å’Œæ˜æ˜Ÿä¸€èµ·åƒé¥­æ˜¯ä»€ä¹ˆä½“éªŒï¼Œèº«ä»·è¿‡äº¿çš„é¡¶çº§èšä¼šé•¿å•¥æ ·,"
          107.8ä¸‡
        ",http://www.bilibili.com/video/BV1pA411s71x
æš—çŒ«ã®ç¥ç¦,ã€ŠåŸç¥ã€‹é’Ÿç¦»æ‰‹ä¹¦ã€Œæ¬²ä¹°æ¡‚èŠ±åŒè½½é…’ï¼Œç»ˆä¸ä¼¼ï¼Œå°‘å¹´æ¸¸â€¦ã€,"
          51.9ä¸‡
        ",http://www.bilibili.com/video/BV1Ey4y1i7jE
,å²ä¸Šæœ€éªšè§£è¯´ï¼šç”¨CCTV5çš„æ–¹å¼æ‰“å¼€äº†å¤©é¾™å…«éƒ¨ï¼Ÿï¼ï¼ˆäºŒï¼‰,"
          44.3ä¸‡
        ",http://www.bilibili.com/video/BV1vT4y1M71c
3-æ°¯ä¸™é…¸,å•æŒ‘ç‹—ç²®æœ¬,"
          19.6ä¸‡
        ",http://www.bilibili.com/video/BV1u5411V72u
,å½“è¯´å”±æ­Œæ‰‹å»äº†åˆå”±å›¢å½“æŒ‡æŒ¥æ—¶,"
          16.5ä¸‡
        ",http://www.bilibili.com/video/BV13r4y1F7tq
,ã€Henryåˆ˜å®ªåã€‘æˆ‘åœ¨å¤œå¹•å¤©å°æ¼”ç»çš„ã€ŠDance Monkeyã€‹&ã€ŠAttentionã€‹ï¼Œå¸Œæœ›ä½ ä»¬å–œæ¬¢ï¼,"
          3.8ä¸‡
        ",http://www.bilibili.com/video/BV18A411s7hz
Shiny-Sword,è¿½æ±‚è‡ªç”±çš„è„šæ­¥æ°¸ä¸åœæ­‡  ä¸ºè‰¾ä¼¦Â·è€¶æ ¼å°”çŒ®å‡ºå¿ƒè„ï¼ï¼ï¼,"
          28.5ä¸‡
        ",http://www.bilibili.com/video/BV1EK4y1L7uC
é‚µè‰¾ä¼¦Alan,å’Œå¤–å›½ç¾å¥³è§†é¢‘èŠå¤© å¥¹è¦é£æ¥ä¸­å›½æ‰¾æˆ‘ï¼Ÿï¼ï¼å›½é™…å°¬èŠ#11,"
          91.9ä¸‡
        ",http://www.bilibili.com/video/BV16v41147f3
,å‡è£…è‚¯å¾·åŸºçº¢éª‘å£«å»ç»™ç²‰ä¸é€ç‚¸é¸¡ï¼Œç²‰ä¸æ„ŸåŠ¨å“­äº†,"
          17.9ä¸‡
        ",http://www.bilibili.com/video/BV1TX4y1u7bu
é“¶æ²³ç”µç«,ã€ç”µç«æ˜Ÿå¿«æŠ¥ã€‘LPLé›†ä½“æ”¾é£ï¼Œå…¨æ˜æ˜Ÿå¯å¤ªä¸‹é¥­äº†ï¼ï¼ˆç¬¬äºŒå­£45ï¼‰,"
          57.4ä¸‡
        ",http://www.bilibili.com/video/BV1yV411h7Pc
å‡‰é£Kaze,æ—©æœŸåˆ€å‰‘æœªè¢«åŠ¨ç”»åŒ–çš„å‰§æƒ…,"
          91.7ä¸‡
        ",http://www.bilibili.com/video/BV1oT4y1M7R4
ä¸‰åå…­è´±ç¬‘,è¯¾ å ‚ è¯· å‹¿ å¯¹ å¯¹ å­ 3.0 ï¼ï¼ï¼,"
          382.4ä¸‡
        ",http://www.bilibili.com/video/BV1Ci4y1c7D8
,å¤§æµ·é€€æ½®åï¼Œå¤§é½èµ¶æµ·å‘ç°ä¸€åªæµ·é¸­å­ï¼Œè¿˜æœ‰èƒ–èƒ–çš„å¤§çŒ«çœ¼èº,"
          58.5ä¸‡
        ",http://www.bilibili.com/video/BV11i4y1c7zb
å­¦æ³•è”ç›Ÿ,æˆ‘åœ¨é‡å¤–å¿«é¥¿æ­»äº†ï¼ŒæŠ“åªç†ŠçŒ«çƒ§ç€åƒçŠ¯æ³•å—ï¼Ÿ,"
          47.5ä¸‡
        ",http://www.bilibili.com/video/BV1y64y1f795
å°é­å°è›™å†é™©è®°,é˜´ é—´ æˆ åŠŸ å­¦,"
          20.3ä¸‡
        ",http://www.bilibili.com/video/BV1r64y1f7gZ
,åŠå¤œçªè¢­å¥³æ€§æœ‹å‹é—ºæˆ¿ï¼Œå¥¹ä¼šåŒæ„ç•™æˆ‘è¿‡å¤œå—ã€‚ã€‚ï¼Ÿ,"
          7.4ä¸‡
        ",http://www.bilibili.com/video/BV1gy4y1i7WR
èŠ¦è‹‡åä¸‰å°‘,å¯¹å­ä¹‹çš‡å­™æ‚Ÿç©º,"
          25.4ä¸‡
        ",http://www.bilibili.com/video/BV19K4y1L7t6
è§†è§’å§¬,ç”Ÿ æ—¥ ç¤¼ ç‰© å¼€ ç®± ï¼,"
          67.7ä¸‡
        ",http://www.bilibili.com/video/BV1y5411G7Kd
,ç‹‚äº²ä¸€åªå°ç‹®å­ä¼šå‘ç”Ÿä»€ä¹ˆ,"
          10.2ä¸‡
        ",http://www.bilibili.com/video/BV1fi4y1c7ks
,å·¨äººä¸­çš„è§’è‰²åœ¨ç°å®ä¸­è¯¥é•¿ä»€ä¹ˆæ ·å­ï¼Ÿ,"
          21.9ä¸‡
        ",http://www.bilibili.com/video/BV1C64y1f7Fa
é¢ç²‰ç¤¾é•¿,ä»¥å‰çš„ç”·ç”Ÿ VS ç°åœ¨çš„ç”·ç”Ÿ,"
          20.6ä¸‡
        ",http://www.bilibili.com/video/BV1oi4y1c7Yn
,å½“æˆ‘åœ¨å­¦æ ¡å¹¿æ’­ç«™å¬åˆ° è‡ª å·± çš„ ç¿» å”±ã€å¥½æƒ³çˆ±è¿™ä¸ªä¸–ç•Œå•Šã€‘,"
          10.6ä¸‡
        ",http://www.bilibili.com/video/BV1mp4y1q7ef
é˜¿æ¯›æœ‰ç‚¹æ–¹,ã€é˜¿æ¯›æœ‰ç‚¹æ–¹ã€‘æˆ‘ç”¨åä¸‡ç²‰ä¸ç§å‡ºäº†ä¸€å—å°ç”µè§†ï¼ï¼ï¼Ÿ,"
          4.1ä¸‡
        ",http://www.bilibili.com/video/BV1TT4y1u7BM
æ²¡å•¥ç”¨ç§‘æŠ€,ã€æ²¡å•¥ç”¨ç§‘æŠ€ã€‘ç§‹è£¤å‘å¸ƒä¼š-é€ç»™å¹´è½»äººçš„ç¬¬ä¸€æ¡æ™ºèƒ½ç§‹è£¤,"
          145.5ä¸‡
        ",http://www.bilibili.com/video/BV11A411s7G5
,åœ£è¯èŠ‚å‰å¤•å¥³å­åœ¨å…¬å¯“ä¸­å¤±è¸ªï¼Œä¸¤ä½ç‹¬è‡ªåœ¨å®¶çš„é‚»å±…è°æ‰æ˜¯çœŸå‡¶,"
          5.5ä¸‡
        ",http://www.bilibili.com/video/BV1ii4y1c7X1
åƒè´§è¯·é—­çœ¼,ç›´å¾„1ç±³å¤§çƒ¤ç‚‰ï¼åŒ—äº¬180å¹´å†å²çƒ¤è‚‰è€å­—å·ï¼Œå¥½åƒåˆ°å‘å‡ºé©´å«ï¼,"
          86.4ä¸‡
        ",http://www.bilibili.com/video/BV1Ef4y1e7i3
é£ç¤¾é•¿,æ¢ç§˜æ—¥æœ¬å¿è€…æœ¨å¶æ‘ï¼Œé‡Œé¢ç«Ÿç„¶...,"
          7.5ä¸‡
        ",http://www.bilibili.com/video/BV1Qi4y1c7pr
CmoStar,å‡ å¦‚ ä¸‰ è¿ çŠ¯ æ³•ï¼,"
          51.7ä¸‡
        ",http://www.bilibili.com/video/BV1uT4y1u7ss
,â¤ä½ çš„åœ£è¯ç¤¼ç‰©æ­£åœ¨æ´¾é€ä¸­ï¼Œä¸å‡†æ‹’æ”¶å“¦~â¤,"
          1.5ä¸‡
        ",http://www.bilibili.com/video/BV1Mp4y1675w
è§‚è§†é¢‘å·¥ä½œå®¤,ã€å¼ ç»´ä¸ºèŠ’å…‹é‡‡è®¿ã€‘ä¸­å›½äººç¾¡æ…•è¥¿æ–¹è‡ªç”±æ°‘ä¸»å—ï¼Ÿã€ä¸€å°æ—¶å®Œæ•´ç‰ˆï½œæ”¶è—å‘ã€‘,"
          46.2ä¸‡
        ",http://www.bilibili.com/video/BV1va4y1H7NH
,ã€é˜¿æ–—ã€‘å¥³äººï¼Œåˆ«å¤ªé«˜ä¼°ç”·äººå¯¹ä½ çš„çˆ±ï¼Œè±†ç“£8.3åˆ†çš„çˆ±æƒ…ç‰‡ã€Šé¢çº±ã€‹,"
          36ä¸‡
        ",http://www.bilibili.com/video/BV1of4y1Y7k2
,å‡ºä¸ªå°äº‹æ•…ä¸€ä¿®å°±æ˜¯14ä¸‡çš„å›½äº§è±ªè½¦ï¼Œç«Ÿç„¶æŠŠèµ›é›·å…¬å…³äº†ï¼Ÿ,"
          3ä¸‡
        ",http://www.bilibili.com/video/BV1HK4y1L7SB
å…‰æ˜æ—¥æŠ¥,æ›¾ç»ï¼Œç¾å›½èµ é€æˆ‘å›½1å…‹æœˆå£¤ï¼Œè¿˜æ‹¿æ”¾å¤§é•œæ”¾å¤§â€¦â€¦,"
          15.8ä¸‡
        ",http://www.bilibili.com/video/BV1Th411f7mg
,éª‚éª‚å’§å’§çš„è·‘å›çªé‡Œ,"
          44.3ä¸‡
        ",http://www.bilibili.com/video/BV1f5411G7dB
,ã€è¿›å‡»çš„å·¨äººã€‘æœ€ç»ˆå­£ç¬¬ä¸‰é›†å¤§åˆ å‡ï¼ä¸ºäº†æ‹¯æ•‘äººç±»ï¼å¤ºå›å§‹ç¥–å·¨äººè®¡åˆ’è¿›è¡Œ...ã€ä»–å¥¹æ¼«æ¼«èŠã€‘,"
          20.5ä¸‡
        ",http://www.bilibili.com/video/BV1Zh411Z73n
ç¾é£Ÿä½œå®¶ç‹åˆšR,å¿«è¿‡å¹´äº†ï¼Œå¨å¸ˆé•¿å’ŒåŒäº‹ä»¬ä¸€èµ·ç©¿é¦™è‚ å¤‡å¹´è´§ï¼Œå…¶ä¹èèå¥½ä¸çƒ­é—¹,"
          80.3ä¸‡
        ",http://www.bilibili.com/video/BV1Mp4y167aR
,å‡å¦‚ç”·ç”Ÿæ‰“å¼€äº†ç¾é¢œ ä¼šå‘ç”Ÿä»€ä¹ˆï¼Ÿ,"
          12.9ä¸‡
        ",http://www.bilibili.com/video/BV135411V7DW
,æ¬¡å…ƒå£ï¼Ÿä¸å­˜åœ¨ï¼ç›´æ’­å¸¦è´§å•¥éƒ½å–,"
          60.8ä¸‡
        ",http://www.bilibili.com/video/BV1eT4y1M7XD
ç›–ä¸–çŒªçŒªä¸¶,è½¯ é¥­ ä¹‹ ç‹ ï¼ï¼ï¼,"
          142.4ä¸‡
        ",http://www.bilibili.com/video/BV1264y1f7hL
ç–¯ç‹‚å°æ¨å“¥,è€çˆ¸å’Œè€å¼ŸçœŸæ˜¯çˆ¶å­æƒ…æ·±,"
          143.4ä¸‡
        ",http://www.bilibili.com/video/BV1YT4y1M71Y
,è¿˜è®°å¾—å­¦æ ¡é—¨å£2å…ƒä¸€ä»½çš„æ— éª¨é¸¡æŸ³å—ï¼Ÿ,"
          39.8ä¸‡
        ",http://www.bilibili.com/video/BV1u5411V7hH
å“”å“©å“”å“©ç›´æ’­,ã€èŠ±å°‘åŒ—ã€‘å’Œè·¯äººå¼€é»‘å¿˜è®°å…³éº¦æ˜¯ä¸€ç§ä»€ä¹ˆä½“éªŒï¼Ÿ,"
          6.7ä¸‡
        ",http://www.bilibili.com/video/BV1Ky4y1i7QF
ä¸‰ä»£é¹¿äºº,2020å¹´åº¦çƒ‚ç‰‡ç›˜ç‚¹ï¼ä¸€æ•´å¹´æœ€çƒ‚çš„ç”µå½±éƒ½åœ¨è¿™äº†,"
          167.2ä¸‡
        ",http://www.bilibili.com/video/BV1yp4y1q7es
,ã€å’’æœ¯å›æˆ˜/æ‰‹ä¹¦/ä¸ƒæµ·å»ºäººä¸­å¿ƒã€‘æˆ‘æ¥½å¤šéŠã³,"
          6.6ä¸‡
        ",http://www.bilibili.com/video/BV1fy4y1v7KK
,å˜å¼‚æ–°å† ç—…æ¯’ä¼ æ’­â€œå·²å¤±æ§â€ æ•°åä¸‡äººè¿å¤œé€ƒç¦»ä¼¦æ•¦,"
          118.1ä¸‡
        ",http://www.bilibili.com/video/BV16h411Z739
åœ¨ä¸‹å•µå•µå›,å§‘å¨˜ï¼Œä½ è¦æ˜¯ç…§ä½ çˆ¸è¿™é¢œå€¼æ ‡å‡†æ‰¾å¯¹è±¡ï¼Œä¼°è®¡ä½ å°±å«ä¸å‡ºå»äº†ï¼,"
          150.6ä¸‡
        ",http://www.bilibili.com/video/BV17X4y1u7UD
çªå¤´æ˜¯ä¸ªæš´è„¾æ°”,è¾£å“­å®¡æ ¸ï¼åƒç€åƒé‹åº•çš„é›¶é£Ÿè¢«æˆ‘åšå‡ºæ¥äº†ï¼ï¼,"
          20ä¸‡
        ",http://www.bilibili.com/video/BV1Tp4y1678R
åˆ˜è€å¸ˆè¯´ç”µå½±,å¯Œå©†å¤ä»‡è™æ¸£ï¼éŸ©å‰§å±…ç„¶çœ‹å‡ºäº†ã€Šä¹¡æ‘çˆ±æƒ…ã€‹çš„æ„Ÿè§‰ï¼é€†å¤©åæ§½ã€Šé¡¶æ¥¼ã€‹ï¼ˆç¬¬ä¸‰æœŸï¼‰,"
          51.4ä¸‡
        ",http://www.bilibili.com/video/BV1R5411G7Y7
,å¤ªæ²™é›•äº†ï¼å½“é“¶é­‚ä¸ä¸–å¥‡ç›¸ç»“åˆï¼ã€Šä¸–ç•Œå¥‡å¦™é“¶é­‚ç‰©è¯­ã€‹,"
          5.9ä¸‡
        ",http://www.bilibili.com/video/BV1oh411Z7SV
,ã€ŠåŸç¥ã€‹è§’è‰²æ¼”ç¤º-ã€Œé˜¿è´å¤šï¼šç™½çš‘ä¸­çš„å†¥æƒ³ã€,"
          64ä¸‡
        ",http://www.bilibili.com/video/BV1BA411s7yV
è®°å½•ç”Ÿæ´»çš„è›‹é»„æ´¾,ä¸¤å¸…å°ä¼™é¦–æ¬¡èµ¶æµ·ï¼Œæ²¡æƒ³åˆ°èµ¶åˆ°äº†æ»¡æ»¡ä¸€æ¡Œæµ·é²œå¤§å’–ï¼,"
          171.9ä¸‡
        ",http://www.bilibili.com/video/BV1UT4y1M7kT
1900å½±å‰§å®¤,ã€1900ã€‘ä»Šå¤©ä½ è¢«æ”¶ä¹°äº†å—ï¼Ÿã€Šæ˜¯ï¼Œå¤§è‡£ã€‹ï¼ˆ09/S2E2ï¼‰,"
          3.5ä¸‡
        ",http://www.bilibili.com/video/BV1R54y147oG
,20å¹´è€é¥­åº„çƒ­ç‚’ï¼è‚‰å«é‡é«˜åˆ°çˆ† | é‡åº†ç¾å‘³æ¢åº—,"
          24.7ä¸‡
        ",http://www.bilibili.com/video/BV1354y1t7WU
STNå·¥ä½œå®¤,ã€STNå¿«æŠ¥ç¬¬äº”å­£22ã€‘æˆ‘åªåšäº†ä¸€åŠï¼Œä½ å°±å¿ä¸ä½èŠ±é’±äº†,"
          69.2ä¸‡
        ",http://www.bilibili.com/video/BV1QV411h7Y2
,å°å­©å­ä¸å¯ä»¥åå‰åº§å“¦,"
          188.8ä¸‡
        ",http://www.bilibili.com/video/BV1nX4y1u7t1
,ã€Live2Dæ¨¡å‹å±•ç¤ºã€‘morph_mimika_Ver2ã€€YuNoStudioã€VTuberã€‘,"
          8.7ä¸‡
        ",http://www.bilibili.com/video/BV1Fr4y1F7P2
å¤©å¤©å¡ç‰Œ,ç‚‰çŸ³ä¼ è¯´ï¼šã€å¤©å¤©ç´ æåº“ã€‘ ç¬¬226æœŸ,"
          75ä¸‡
        ",http://www.bilibili.com/video/BV1d54y1475w
,åæ§½ã€Šæœ‰ç¿¡ã€‹ï¼šæˆ‘çœŸçš„å·®ç‚¹å°±è¢«æ´—è„‘äº†ï¼,"
          3.2ä¸‡
        ",http://www.bilibili.com/video/BV17a411c7QE
,è°æ‰“æˆ‘å¥³å„¿æˆ‘å°±æ‰“ä»–å¥³å„¿,"
          63.6ä¸‡
        ",http://www.bilibili.com/video/BV1of4y1Y78m
è°·è°·æ°¸ä¸å’•å’•,å¹²é¥­äººï¼æœ‰ç²¾ç¥ï¼å¹²é¥­äººä»Šå¤©è¦åƒäººï¼,"
          12.8ä¸‡
        ",http://www.bilibili.com/video/BV1Ky4y1D7gS
æµå…¬çˆ·çˆ·_æ¸¸æœ¬æ˜Œ,å†¬è‡³åˆ°ï¼Œåƒé¥ºé¥º,"
          27ä¸‡
        ",http://www.bilibili.com/video/BV13z4y1r7V1
,è¯•åƒçº¯ç‰›å¥¶åšé”…åº•çš„ç‰›å¥¶ç«é”…ï¼Œé”…å…·å±…ç„¶æ˜¯ç”¨çº¸åšçš„ï¼,"
          38.2ä¸‡
        ",http://www.bilibili.com/video/BV1Yt4y1k7kw
,ã€çœŸäººGTAã€‘å¹²æ¯ï¼,"
          34.2ä¸‡
        ",http://www.bilibili.com/video/BV1o54y147Uz
ç¬”å§è¯„æµ‹å®¤,100Wç²‰ä¸å¤§æŠ½å¥–ï¼ç¬”è®°æœ¬ã€ç”µç«æ˜¾ç¤ºå™¨ã€æ‰‹åŠå…è´¹é€~æ„Ÿè°¢ä½ çš„ä¸€è·¯é™ªä¼´ï¼ã€ç¬”å§è¯„æµ‹å®¤ã€‘,"
          17.9ä¸‡
        ",http://www.bilibili.com/video/BV1dK41137vJ
pcyxjy,ç‹å˜‰å°”+Jessiåˆä½œNUNU NANA 2020KBSæ­Œè°£å¤§ç¥ç¥­èˆå°,"
          123.4ä¸‡
        ",http://www.bilibili.com/video/BV1Mf4y1e7EF
,æŒºå ç†çš„äº‹å„¿ è®©æˆ‘æ•´çš„å‘èº¬å±ˆè†çš„,"
          22.4ä¸‡
        ",http://www.bilibili.com/video/BV1kh411Z7h8
ä¸œå°¼ookii,ã€Šä¸è¦ç¬‘æŒ‘æˆ˜ã€‹å“ˆå“ˆå“ˆå“ˆå“ˆå“ˆå“ˆå“ˆå“ˆå“ˆå—,"
          152.3ä¸‡
        ",http://www.bilibili.com/video/BV1Na4y1p7Wz
,è§è¿‡æ—©ç†Ÿçš„å°é¾™è™¾ï¼Œæ²¡è§è¿‡è¿™ä¹ˆâ€œæ—©ç†Ÿâ€çš„,"
          56.7ä¸‡
        ",http://www.bilibili.com/video/BV1E5411H7b4
,â€œç¾¤ä½“å…ç–«â€å¨åŠ›æ˜¾ç°ï¼šå˜å¼‚ç—…æ¯’å¤±æ§ï¼Œè‹±å›½æˆä¸ºå†å²ç½ªäºº,"
          30.9ä¸‡
        ",http://www.bilibili.com/video/BV1Er4y1F7qv
,æœ‹å‹åå¤é—å¼ƒçš„å°é¸Ÿåˆ°æˆ‘è¿™åˆè¿™ä¹ˆä¹–äº†ï¼Œä½ è¯´æ°”ä¸æ°”äºº,"
          16.4ä¸‡
        ",http://www.bilibili.com/video/BV1kh411Z7Tj
è§‚å¯Ÿè€…ç½‘,ã€å†å²äº”å‘³ã€‘ã€Šå¤§ç§¦èµ‹ã€‹ï¼šå…­ä¸–ä½™çƒˆæ‰è®©ç§¦å›½å®Œæˆç»Ÿä¸€ï¼Œä¸ºä»€ä¹ˆå´çªç„¶æ­»æœºäº†ï¼Ÿ,"
          31.6ä¸‡
        ",http://www.bilibili.com/video/BV1T5411V7E4
æµ‘å…ƒRysn,ä¸€ä¸ªå¬äº†é‹å¸¦ä¼šå¼€çš„éŸ³ä¹,"
          92.8ä¸‡
        ",http://www.bilibili.com/video/BV12y4y1S7pK
,è·Ÿå¥³äººèŠå¤©çš„æ­£ç¡®æ­¥éª¤,"
          36.9ä¸‡
        ",http://www.bilibili.com/video/BV1J54y1t76F
,å®Œç»“æ’’èŠ±ï¼æ— å†…é¬¼ï¼Ÿæ¥ç‚¹æ³½å¡”é«˜å¼€ä½èµ°ç¬‘è¯ï¼å®è¯šåæ§½æ³½å¡”å¥¥ç‰¹æ›¼å¤§ç»“å±€[ç‰¹æ‘„ç”µå°ï½œæ³½å¡”å¦™å¦™å±‹Â·ç»“å±€ç¯‡],"
          27.7ä¸‡
        ",http://www.bilibili.com/video/BV1Ay4y1D719
,è¡—å¤´å¼•çˆ† è¿›å‡»çš„å·¨äººã€Šåƒ•ã®æˆ¦äº‰ã€‹ï¼Œå›´è§‚ä¼—äººç«Ÿç„¶è¢«â€œæ´—è„‘â€äº†ï¼Ÿï¼,"
          36.6ä¸‡
        ",http://www.bilibili.com/video/BV1EK411G7BP
å¯’é›ªæ— å¿†æ›²æ±Ÿå—,ã€åŸç¥ã€‘å–µå–µçš„ï¼è¿˜æˆ‘ç¾¤ç‰é˜ï¼ï¼,"
          4.6ä¸‡
        ",http://www.bilibili.com/video/BV1JA411s7QX
,ã€ä¸­å›½ç½‘æ¸¸å²ã€‘ä¸‡ä¼—æœŸå¾…å´è¢«ä»£ç†å•†ææ­»ï¼Œå›½äº§å•æœºç¬¬ä¸€IPçš„ç½‘æ¸¸åŒ–ä¸ºä½•è®©äººç»æœ›,"
          52.4ä¸‡
        ",http://www.bilibili.com/video/BV135411V7Ls
Eve_official,è“è‰²çš„åå°”å…¹ - Eve MV,"
          7.9ä¸‡
        ",http://www.bilibili.com/video/BV11v41147GG
å’ŒçŒ«ä½ã®,å¥½å®¶ä¼™ï¼åœ°æ²ŸæçŒ«çªï¼Œä¸€æ ¹çŒ«æ¡éª—æ¥åå‡ åªçŒ«ï¼,"
          133.6ä¸‡
        ",http://www.bilibili.com/video/BV1R64y1f77F
æ™“æ¶µå“¥æ¥äº†,ä¸–ç•Œåå¤§ç¦åœ°ä¹‹ä¸€ï¼Œè«æ–¯ç§‘åœ°é“2å·çº¿çš„ç§˜å¯† | æ™“æ¶µå“¥,"
          15.1ä¸‡
        ",http://www.bilibili.com/video/BV1ZK411u7ma
,ä¸ºä»€ä¹ˆæŠ“ä½åè„–é¢ˆï¼ŒçŒ«å’ªå°±ä¼šç«‹åˆ»çŸ³åŒ–ï¼Ÿè¿™ä¸ªç§˜å¯†ä½ èº«ä¸Šä¹Ÿæœ‰,"
          5.7ä¸‡
        ",http://www.bilibili.com/video/BV1cf4y1e7Gr
,ã€ä¸­æ–‡ç›´è¯‘.ç³»åˆ—ã€‘æœé²œå„¿æ­Œã€Šå•µå•µé¢‚ã€‹â€¦æœ‰ç‚¹æªæ‰‹ä¸åŠçš„çŠ¶æ€â€¦å•Šï½,"
          12.8ä¸‡
        ",http://www.bilibili.com/video/BV1nv41147k9
è‚å¸å°å¼º,äº‘é¡¶ä¹‹å¼ˆS4ï¼š9è…¥çº¢ä¹‹æœˆ8å†³æ–—å¤§å¸ˆï¼Œçˆ†è‚7å¤©199åœºï¼Œå²ä¸Šæœ€å¿«ä¹çš„è…¥çº¢ä¹‹æœˆï¼,"
          15.3ä¸‡
        ",http://www.bilibili.com/video/BV12h411Z7N7
,é‡‘ç¿è£ï¼šä¸¤å²¸é¢ä¸´â€œæ‘Šç‰Œâ€ï¼Œä½†ä¸­å›½æœ€åä¸€å®šèƒœåˆ©,"
          22.1ä¸‡
        ",http://www.bilibili.com/video/BV1Yt4y1k7i6
,ç¡¬æ ¸æ¶æï¼šå°å·çš„ç¤¼ç‰©â€”â€”é—ªç²‰ç‚¸å¼¹åŒ…è£¹3.0,"
          18.8ä¸‡
        ",http://www.bilibili.com/video/BV1kZ4y1g7MC
,æ¥æ­¦æ±‰ç¬¬ä¸€é¡¿ï¼Œé¥¿äº†ä¸€å¤©å°è¯•è¶…è¾£ç«ç“¢ç‰›è‚‰ï¼Œæ²¡æƒ³åˆ°è¢«è€æ¿é’ˆå¯¹äº†,"
          69.5ä¸‡
        ",http://www.bilibili.com/video/BV1J54y1t78V
é˜¿Testæ­£ç»æ¯”æ¯”,çœ‹ç—…ä¸è¦é’±ï¼Œä¸Šå­¦å‘å·¥èµ„ï¼Œå¤å·´äººçœŸçš„å¹¸ç¦å—ï¼Ÿé­”å¹»å¤å·´ç”Ÿå­˜ç°çŠ¶,"
          14.9ä¸‡
        ",http://www.bilibili.com/video/BV1kK4y1L752
ç›—æœˆç¤¾é£Ÿé‡è®°,â€œä½ ä»¬ä¸è¦å†è¿™æ ·åƒé¢äº†ï¼è¿™æ ·åªä¼šé¥¿æ­»æˆ‘ï¼â€,"
          213.4ä¸‡
        ",http://www.bilibili.com/video/BV1nf4y1e7HB
,è€å¤–æ— æ³•ç†è§£çš„ä¸­åæ°‘æ—ç§æ—BUFFï¼šç™½å¼€æ°´ï¼Œå…¶å®è¿™åªæ˜¯æˆ‘ä»¬ä¸“å±çš„ç‚«å¯Œæ‰‹æ®µè€Œå·²ï¼Œå‡¡å°”èµ›åˆ°ä¸Šå¤©,"
          14ä¸‡
        ",http://www.bilibili.com/video/BV1Xp4y1z7FH
,å…‰è½åœ¨ä½ è„¸ä¸Šã€‚cover.é™ˆç²’,"
          25.9ä¸‡
        ",http://www.bilibili.com/video/BV14f4y1e7EK
,è°­siræ­£é“çš„å…‰ç…§å‘äº†00åï¼šä»–è¿˜æ˜¯ä¸ªå­©å­å•Š...è°­sirç«™ç«‹æ“’æ‹¿ï¼Œå¤ªæ®‹æš´äº†ï¼ˆæ—¶å…‰æµèµ°åå¹´ï¼Œå°‘å¹´ï¼Œç§åœ¨å¿ƒä¸­å®‰å…¨ä¿¡å¿µæ˜¯å¦ä¸æ¯«æœªå‡ï¼Ÿï¼‰,"
          29.8ä¸‡
        ",http://www.bilibili.com/video/BV1Lf4y1e7GH
BMLåˆ¶ä½œæŒ‡æŒ¥éƒ¨,é¸Ÿæ†¨å…±å”±ã€Šå‹¾æŒ‡èµ·èª“ã€‹ï¼Œè¿™ä¹ˆç”œçš„å°æƒ…æ­Œä½ å¬è¿‡å—ï¼Ÿã€BML-VR2020ã€‘,"
          153.1ä¸‡
        ",http://www.bilibili.com/video/BV15y4y1i7ZR
åœ¨ä¸‹é’Ÿè–›é«˜,ä»€ä¹ˆï¼ï¼Ÿäº”æ¡æ‚Ÿå±…ç„¶è¢«è¿™ä¸ªUPä¸»åˆ‡äº†ï¼ï¼ï¼,"
          3.6ä¸‡
        ",http://www.bilibili.com/video/BV1xA411s7PF
,ã€å‘¨éœ‡å—ã€‘é¥­æ‹èƒœå®˜æ‘„!æœ€å¼ºCä½ç¥çº§ä¸‡è½¬èˆå°!,"
          19.2ä¸‡
        ",http://www.bilibili.com/video/BV1sf4y1e74J
,ã€å¤§ä»™å…¨å®¶æ¡¶ã€‘äº”æ’å°å§å§è‡ªå¸¦ç—›è‹¦é¢å…·ï¼Œå“å°ä¸€ä¸‹ä¸“å±ç›´ç”·çš„æŠ˜ç£¨,"
          31.4ä¸‡
        ",http://www.bilibili.com/video/BV1xf4y1e72W
æ¯•å¯¼THU,ã€æ¯•å¯¼ã€‘æé»„è‰²çš„ç§‘å­¦ä¾æ®ï¼Ÿï¼ä¸ºä»€ä¹ˆé»„è‰²æ‰æ˜¯ä¸–é—´ä¸‡ç‰©çš„æ³¨å®šå½’å®¿ï¼,"
          141.2ä¸‡
        ",http://www.bilibili.com/video/BV19y4y1v7zZ
å†œä¹¡å¤§çˆ·é…±,ä¼ æ‰¿ä¸¤åƒå¹´çš„é¢æ¡åšæ³•ï¼Œåƒäº†æ‰çŸ¥ä¸å¤±ä¼ çš„åŸå› ï¼Œï¼Œå¼ºçƒˆæ¨èè¯•åšçœŸå¤ªå¥½åƒäº†,"
          58.7ä¸‡
        ",http://www.bilibili.com/video/BV1sV411h7QB
æ¨±æ¡ƒå‘³çš„å½æ­ªé…±_,å¥½çœ‹åˆ°èˆä¸å¾—åƒï¼åœ£è¯æ‘‡æ‘‡ä¹é¥¼å¹²ï½œé€ç»™æœ‹å‹å¿ƒæ„æ»¡æ»¡,"
          28.4ä¸‡
        ",http://www.bilibili.com/video/BV1kK411u7Ys
,ã€åŸç¥ã€‘ä»€ä¹ˆå«åšå››æ˜Ÿå¤©èŠ±æ¿?çœŸæ­£çš„å²©çŸ³ç³»æ‰›æŠŠå­å‡å…‰è¶…è¯¦ç»†æ”»ç•¥ï¼,"
          33.6ä¸‡
        ",http://www.bilibili.com/video/BV1vf4y1e7jQ
å¤§å¤§å¤§å¤§å¤§ç‹¸,ã€è¶…è¿˜åŸï¼ã€‘å’’æœ¯å›æˆ˜EDâ€”å†…å«èˆè¹ˆpartè¿˜åŸå¯¹ç…§ï¼æ‚Ÿæ‚Ÿæ‚Ÿæ‚Ÿæ‚Ÿæ‚Ÿæ‚Ÿï½ã€å¤§ç‹¸ã€‘ã€lost in paradiseã€‘,"
          28.4ä¸‡
        ",http://www.bilibili.com/video/BV1Zy4y1v7F4
,ä¸‰æ¬¾æµæ±å®½ç²‰ï¼Œé…¸çˆ½è¿‡ç˜¾ï¼Œæ¯å£éƒ½æ˜¯å¹¸ç¦çš„æ·±æ¸Šï¼,"
          15.4ä¸‡
        ",http://www.bilibili.com/video/BV1Ky4y1D7vN
,AAAA+QQQQ+JJJJ+10101010+KKK2=çœŸÂ·ä¸æ´—ç‰Œ,"
          39ä¸‡
        ",http://www.bilibili.com/video/BV1YK4y1L7Ry
,å¤©çœŸè“VSæµ·é©¬ä½“ï¼ŒèŠ±1000å—å»æ‹ç…§è¡€äºï¼Ÿ,"
          13.8ä¸‡
        ",http://www.bilibili.com/video/BV1254y147wk
,æ±½è½¦è¶Šè´µè¶Šå®‰å…¨ï¼Ÿ,"
          39.8ä¸‡
        ",http://www.bilibili.com/video/BV1Ya4y1H7W9
å…°æ—æ±‰çš„ç²‰ä¸,ã€çŒ´å“¥ã€‘æ ¸å¼¹æµèœ˜è››è¾…åŠ©ï¼ä»»ä½•äººéƒ½æ‰›ä¸ä½ä¸‰æ‹› æˆ‘æ˜¯æŒ‡Everyoneï¼OPGGæ²¡ä¸Šæ¦œå´è¶…å¼ºåŠ¿çš„è‹±é›„ï¼ï½œ ä¸–ç•Œæœ€å¼ºçŒ´ç‹ å…°æ—æ±‰,"
          14.9ä¸‡
        ",http://www.bilibili.com/video/BV1cp4y167VA
,ä¾ ç„¶ çˆ± ä½ ,"
          2ä¸‡
        ",http://www.bilibili.com/video/BV15t4y1k7VR
è®°å¿†å¤§å¸ˆNelson,5ç§å¯ä»¥åˆ›é€ â€œè®°å¿†å®«æ®¿â€çš„æ–¹æ³•,"
          3.6ä¸‡
        ",http://www.bilibili.com/video/BV1Nz4y1r7gj
,å¹´è–ªç™¾ä¸‡çš„åŒ—æ¼‚å¥³é«˜ç®¡ç”Ÿæ´»ä»€ä¹ˆæ ·çš„,"
          27.2ä¸‡
        ",http://www.bilibili.com/video/BV1W54y1t76f
,é¹¿å°è‰ | ã€Šå¥³ä¸»è§’è‚²æˆè®¡åˆ’ã€‹ç¿»è·³,"
          5.7ä¸‡
        ",http://www.bilibili.com/video/BV1Mt4y1k7EK
æ¤°å­çš®Pass,ã€å­¦ç”Ÿå¾®ç”µå½±ã€‘â€œæˆ‘çš„é«˜è€ƒï¼Œè€ƒçš„å±…ç„¶æ˜¯ç”µç«ï¼Ÿï¼â€,"
          74.1ä¸‡
        ",http://www.bilibili.com/video/BV1aA411s7d4
Vinheteiro,10é¦–ä½ å¬è¿‡ä½†ä¸çŸ¥é“åå­—çš„è´å¤šèŠ¬çš„æ›²å­,"
          6.7ä¸‡
        ",http://www.bilibili.com/video/BV175411H7RQ
,ã€(G)I-DLEã€‘ - ğŸ„Merry Christmas Carol Handbell MedleyğŸ””ğŸ¶,"
          1.3ä¸‡
        ",http://www.bilibili.com/video/BV14v41147XG
LORIIIé˜¿å§¨,å››ä¸åƒåšä¸»çš„ã€å¹´åº¦æœ€çˆ±ç”¨å½©å¦†ã€‘é›†åˆï¼ˆæ— å¹¿å­ï¼æ”¾å¿ƒé£Ÿï¼,"
          2.1ä¸‡
        ",http://www.bilibili.com/video/BV1Hf4y1e79t
,â€œæ€æ­»è¿™ä¸ªé©¬å®¶å ¡å­äººâ€,"
          57ä¸‡
        ",http://www.bilibili.com/video/BV1NZ4y137Ji
LexBurner,è¿› å‡» çš„ å› æˆ˜,"
          167.2ä¸‡
        ",http://www.bilibili.com/video/BV1cr4y1F7XF
,ã€æš®åœŸå°å­¦ã€‘å´½å´½çš„è¿åŠ¨ä¼šå®¶é•¿ä¸è®¸å†å‚ä¸äº†ï¼,"
          5.3ä¸‡
        ",http://www.bilibili.com/video/BV1ei4y1c73S
å°C6,å“åæ— æ•°æ²¹ç®¡UPçš„ç”Ÿå­˜æ¸¸æˆï¼å…¨ç¨‹ä¸ç»™ç©å®¶å–˜æ¯çš„æœºä¼š,"
          7.1ä¸‡
        ",http://www.bilibili.com/video/BV1vt4y1k7C2
,â€œæˆ‘æœ‰æ•…äººæŠ±å‰‘å»ï¼Œæ–©å°½æ˜¥é£æœªè‚¯å½’â€,"
          48.4ä¸‡
        ",http://www.bilibili.com/video/BV1oh411Z78C
ç”·çŒ«-male_cat,[çˆ†è‚1500å¼ utæ‰‹ç¿»åŠ¨ç”»]ç»å…¸åŸè¡«æˆ˜æ–—å…¨æµç¨‹ï¼ˆä¸­è‹±äº’è¯‘andå¥³ç¦è­¦å‘Šï¼‰,"
          2.6ä¸‡
        ",http://www.bilibili.com/video/BV1xv411476e
DIVELA_Official,bilibiliä½ å¥½ï¼Œè¯·å¤šæŒ‡æ•™ï¼ã¼ã‹ã‚ã“ã‚ã—ã‚ã‚€ ï¼ DIVELA feat.é¡éŸ³é“ƒ,"
          2.4ä¸‡
        ",http://www.bilibili.com/video/BV1Vr4y1F7JS
,äººç±»æ—©æœŸé©¯æœå¥¶èŒ¶çš„çè´µå½±åƒ,"
          14.4ä¸‡
        ",http://www.bilibili.com/video/BV1CX4y1u7Za
æŒ‘çˆ·è¯„ç¾é£Ÿ,å½“ä¸€å¤©çš„æœåŠ¡å‘˜ï¼Œå€’è´´1700å…ƒ!,"
          14.1ä¸‡
        ",http://www.bilibili.com/video/BV1oy4y1S766
,ç®€ç›´ç¥ä½œï¼æ€æ‰‹å’Œå¤šä¸ªæ—¥æœ¬å¥³æ€§äº¤å¾€ï¼Œè¢«ç–¯ç‹‚æ“ä½œæˆä¸–ç•Œæ€äººç‹çš„å‰§æƒ…æˆ‘è¿˜æ˜¯å¤´ä¸€å›è§ï¼,"
          60ä¸‡
        ",http://www.bilibili.com/video/BV1pt4y1k7sY
,ã€å¥¥å°”åŠ ã€ç«æ˜Ÿå°¸é­‚ç•Œæ­»ç¥ä»£ç†,"
          9ä¸‡
        ",http://www.bilibili.com/video/BV1j54y1t7MB
æ—è´°ä¸‰,è¯·äº”å›½å¥³æ€§ç»™æˆ‘åŒ–å¦†ï¼Œæ—¥æœ¬äººç«Ÿè§‰å¾—ä¸­å›½jkå¾ˆå¥‡æ€ªï¼Ÿ,"
          40.1ä¸‡
        ",http://www.bilibili.com/video/BV1Ty4y1D7sB
,111ä½ç¼–å‰§å¯¼æ¼”æŠµåˆ¶éƒ­æ•¬æ˜ã€äºæ­£ï¼Œæ˜¯ä¸¤ä½å«å…½è¯·æ¥çš„æ•‘å…µå—ï¼Ÿ,"
          13.2ä¸‡
        ",http://www.bilibili.com/video/BV1k64y1f7c4
é’Ÿç¦»æœæœ,ã€ç§¦å§‹çš‡å¬´æ”¿æ··å‰ªï½œç¿æ–ç„¶xå¯Œå¤§é¾™ã€‘å­¤æ˜¯é¸£äºä¹çš‹çš„é¹¤ï¼Œæ˜¯å¾æœå…­å›½çš„é©¯ç¦½å¸ˆ  ï¼ˆå›½å®¶å®è—+ç§¦å§‹çš‡+å¤§ç§¦å¸å›½ä¸‰éƒ¨æ›²ï¼‰,"
          6.7ä¸‡
        ",http://www.bilibili.com/video/BV1c5411V7gp
,æµ· ç»µ æœ‹ å…‹ -2077,"
          25ä¸‡
        ",http://www.bilibili.com/video/BV15p4y167xW
æ’¸å¤§å¸ˆ-æœ¨æº,äºŒæ¬¡å…ƒç»¼åˆå¾æ™šæœŸæ‚£è€…,"
          15.4ä¸‡
        ",http://www.bilibili.com/video/BV1m54y147vq
è€å›èƒ¡è¯´,æˆ³çˆ·ï¼Œæ‚¨å¯åˆ«ææˆ‘,"
          56.6ä¸‡
        ",http://www.bilibili.com/video/BV1Uh411Z7do
,ã€DNFã€‘é­”é­”é­”é­”é­”é­”é­”ç•Œäººé€›è¡—,"
          14.7ä¸‡
        ",http://www.bilibili.com/video/BV1YT4y1M7sj
å§šå§šä¸æ˜¯P30,æˆ‘æ˜¯ä¸€ä¸ª è‡ªå¾‹çš„æ’°ç¨¿äºº........,"
          84.4ä¸‡
        ",http://www.bilibili.com/video/BV11i4y157r3
,èƒ–é¾™èŠ±3000å…ƒç»ˆäºæŠŠé˜³å°å°äº†ï¼Œå†¬è‡³ç‚’ä¿©èœï¼Œåƒç€é¥ºå­ï¼ŒçœŸç¾,"
          15ä¸‡
        ",http://www.bilibili.com/video/BV1zi4y1c7sx
é²¤é±¼Ace,åœ£è¯èŠ‚çš„é›ªäººæˆç²¾äº†ï¼è¿™ä¸ªæ¸¸æˆå¤ªåˆºæ¿€äº†ï¼é€ƒç¦»é›ªäººï¼Œé²¤é±¼Aceè§£è¯´,"
          7.9ä¸‡
        ",http://www.bilibili.com/video/BV1ht4y1k7iJ
æœ¨é±¼æ°´å¿ƒ,ååœºé¢ï¼30å¹´å‰ç¥é¢„è¨€ï¼ä»Šå¤©è¿˜åœ¨ç”¨ï¼9.8åˆ†ç¡¬æ ¸ç¥å‰§ã€Šæ˜¯ï¼Œé¦–ç›¸ã€‹ï¼ˆ03/S1E5&E6ï¼‰,"
          132.4ä¸‡
        ",http://www.bilibili.com/video/BV1wT4y1u7mZ
,å¹´è½»ç²¾ç¥å°ä¼™å„¿å¤§æˆ˜çŸ¿å¡,"
          14.2ä¸‡
        ",http://www.bilibili.com/video/BV1zv41147vT
,å¦‚æœæ²¡æœ‰è¿™ä¸ªAppï¼ŒiPhoneåšä¸åˆ°12 | 9åˆ†é’Ÿé‡æ–°è®¤è¯† iPhoneã€‚,"
          4.1ä¸‡
        ",http://www.bilibili.com/video/BV1Mf4y1e7Py
è€å‡¡Fv,å²è¯—çº§çº¿éœ¸å¤ä¾¯æƒ‡æ— æ•Œï¼å…¨æ–°æ‰“æ³•ï¼T0å¼ºåº¦çˆ†è¡¨ï¼,"
          90.5ä¸‡
        ",http://www.bilibili.com/video/BV11V411h7af
æˆ‘æ˜¯çœŸçš„èœèœ,æˆ‘å±…ç„¶æˆäº†æ•¦ç…Œæœå½¢è±¡å¤§ä½¿ï¼Ÿæœ€æ„å¤–çš„ç”Ÿæ—¥ç¤¼ç‰©ï¼,"
          21.8ä¸‡
        ",http://www.bilibili.com/video/BV1ja411c7u8
